trial,emb_dim,mlp_layers,lr,l2,alpha,val_ndcg,hr,runtime_s,emb_dim_x,mlp_x,log_lr,log_l2
1,128,"[256, 128, 64]",1.21e-04,1.12e-06,4.1597,0.45236,0.79257,0.0,1.9109,0.5396,-9.0217,-13.7013
2,256,"[256, 128, 64]",2.88e-03,4.27e-05,4.7078,0.40232,0.69477,0.0,2.7383,1.2133,-5.8509,-10.0603
3,128,"[128, 64]",5.19e-03,1.26e-06,3.7834,0.36713,0.68552,0.0,2.4476,0.0055,-5.2618,-13.5835
4,64,"[256, 128, 64, 32]",1.21e-03,7.93e-06,2.4021,0.53861,0.72670,0.0,0.5270,1.7264,-6.7168,-11.7452
5,32,"[128, 64]",2.19e-03,8.74e-05,3.2692,0.51100,0.77119,0.0,0.0850,0.2486,-6.1220,-9.3449
